领域代码,领域,地区代码 (M49),地区,要素代码,要素,科目代码 (FBS),科目,年份代码,年份,单位,值,标识,标识描述,说明
"FBS","食品收支表 (2010-)","064","不 丹","645","Food supply quantity (kg/capita/yr)","S2731","牛肉","2022","2022","kg/cap","7.3","E","Estimated value",""
"FBS","食品收支表 (2010-)","064","不 丹","645","Food supply quantity (kg/capita/yr)","S2732","绵羊和山羊肉","2022","2022","kg/cap","0.25","E","Estimated value",""
"FBS","食品收支表 (2010-)","064","不 丹","645","Food supply quantity (kg/capita/yr)","S2733","猪肉","2022","2022","kg/cap","3.33","E","Estimated value",""
"FBS","食品收支表 (2010-)","064","不 丹","645","Food supply quantity (kg/capita/yr)","S2734","禽肉","2022","2022","kg/cap","4.81","E","Estimated value",""
"FBS","食品收支表 (2010-)","064","不 丹","645","Food supply quantity (kg/capita/yr)","S2736","可食用内脏","2022","2022","kg/cap","1.35","E","Estimated value",""
"FBS","食品收支表 (2010-)","626","东帝汶","645","Food supply quantity (kg/capita/yr)","S2731","牛肉","2022","2022","kg/cap","1.57","E","Estimated value",""
"FBS","食品收支表 (2010-)","626","东帝汶","645","Food supply quantity (kg/capita/yr)","S2732","绵羊和山羊肉","2022","2022","kg/cap","0.5","E","Estimated value",""
"FBS","食品收支表 (2010-)","626","东帝汶","645","Food supply quantity (kg/capita/yr)","S2733","猪肉","2022","2022","kg/cap","10.29","E","Estimated value",""
"FBS","食品收支表 (2010-)","626","东帝汶","645","Food supply quantity (kg/capita/yr)","S2734","禽肉","2022","2022","kg/cap","5.43","E","Estimated value",""
"FBS","食品收支表 (2010-)","626","东帝汶","645","Food supply quantity (kg/capita/yr)","S2736","可食用内脏","2022","2022","kg/cap","11.94","E","Estimated value",""
"FBS","食品收支表 (2010-)","156","中 国","645","Food supply quantity (kg/capita/yr)","S2731","牛肉","2022","2022","kg/cap","8.04","E","Estimated value",""
"FBS","食品收支表 (2010-)","156","中 国","645","Food supply quantity (kg/capita/yr)","S2732","绵羊和山羊肉","2022","2022","kg/cap","3.86","E","Estimated value",""
"FBS","食品收支表 (2010-)","156","中 国","645","Food supply quantity (kg/capita/yr)","S2733","猪肉","2022","2022","kg/cap","40.16","E","Estimated value",""
"FBS","食品收支表 (2010-)","156","中 国","645","Food supply quantity (kg/capita/yr)","S2734","禽肉","2022","2022","kg/cap","17.14","E","Estimated value",""
"FBS","食品收支表 (2010-)","156","中 国","645","Food supply quantity (kg/capita/yr)","S2736","可食用内脏","2022","2022","kg/cap","4.22","E","Estimated value",""
"FBS","食品收支表 (2010-)","158","中国台湾省","645","Food supply quantity (kg/capita/yr)","S2731","牛肉","2022","2022","kg/cap","8.59","E","Estimated value",""
"FBS","食品收支表 (2010-)","158","中国台湾省","645","Food supply quantity (kg/capita/yr)","S2732","绵羊和山羊肉","2022","2022","kg/cap","0.8","E","Estimated value",""
"FBS","食品收支表 (2010-)","158","中国台湾省","645","Food supply quantity (kg/capita/yr)","S2733","猪肉","2022","2022","kg/cap","38.18","E","Estimated value",""
"FBS","食品收支表 (2010-)","158","中国台湾省","645","Food supply quantity (kg/capita/yr)","S2734","禽肉","2022","2022","kg/cap","40.9","E","Estimated value",""
"FBS","食品收支表 (2010-)","158","中国台湾省","645","Food supply quantity (kg/capita/yr)","S2736","可食用内脏","2022","2022","kg/cap","1.81","E","Estimated value",""
"FBS","食品收支表 (2010-)","446","中国澳门特区","645","Food supply quantity (kg/capita/yr)","S2731","牛肉","2022","2022","kg/cap","12.6","E","Estimated value",""
"FBS","食品收支表 (2010-)","446","中国澳门特区","645","Food supply quantity (kg/capita/yr)","S2732","绵羊和山羊肉","2022","2022","kg/cap","0.57","E","Estimated value",""
"FBS","食品收支表 (2010-)","446","中国澳门特区","645","Food supply quantity (kg/capita/yr)","S2733","猪肉","2022","2022","kg/cap","48.9","E","Estimated value",""
"FBS","食品收支表 (2010-)","446","中国澳门特区","645","Food supply quantity (kg/capita/yr)","S2734","禽肉","2022","2022","kg/cap","49.61","E","Estimated value",""
"FBS","食品收支表 (2010-)","446","中国澳门特区","645","Food supply quantity (kg/capita/yr)","S2736","可食用内脏","2022","2022","kg/cap","4.06","E","Estimated value",""
"FBS","食品收支表 (2010-)","344","中国香港特区","645","Food supply quantity (kg/capita/yr)","S2731","牛肉","2022","2022","kg/cap","23.07","E","Estimated value",""
"FBS","食品收支表 (2010-)","344","中国香港特区","645","Food supply quantity (kg/capita/yr)","S2732","绵羊和山羊肉","2022","2022","kg/cap","0.52","E","Estimated value",""
"FBS","食品收支表 (2010-)","344","中国香港特区","645","Food supply quantity (kg/capita/yr)","S2733","猪肉","2022","2022","kg/cap","52.57","E","Estimated value",""
"FBS","食品收支表 (2010-)","344","中国香港特区","645","Food supply quantity (kg/capita/yr)","S2734","禽肉","2022","2022","kg/cap","45.14","E","Estimated value",""
"FBS","食品收支表 (2010-)","344","中国香港特区","645","Food supply quantity (kg/capita/yr)","S2736","可食用内脏","2022","2022","kg/cap","13.9","E","Estimated value",""
"FBS","食品收支表 (2010-)","860","乌兹别克斯坦","645","Food supply quantity (kg/capita/yr)","S2731","牛肉","2022","2022","kg/cap","30.75","E","Estimated value",""
"FBS","食品收支表 (2010-)","860","乌兹别克斯坦","645","Food supply quantity (kg/capita/yr)","S2732","绵羊和山羊肉","2022","2022","kg/cap","4.8","E","Estimated value",""
"FBS","食品收支表 (2010-)","860","乌兹别克斯坦","645","Food supply quantity (kg/capita/yr)","S2733","猪肉","2022","2022","kg/cap","0.18","E","Estimated value",""
"FBS","食品收支表 (2010-)","860","乌兹别克斯坦","645","Food supply quantity (kg/capita/yr)","S2734","禽肉","2022","2022","kg/cap","6.38","E","Estimated value",""
"FBS","食品收支表 (2010-)","860","乌兹别克斯坦","645","Food supply quantity (kg/capita/yr)","S2736","可食用内脏","2022","2022","kg/cap","4.7","E","Estimated value",""
"FBS","食品收支表 (2010-)","887","也 门","645","Food supply quantity (kg/capita/yr)","S2731","牛肉","2022","2022","kg/cap","2.29","E","Estimated value",""
"FBS","食品收支表 (2010-)","887","也 门","645","Food supply quantity (kg/capita/yr)","S2732","绵羊和山羊肉","2022","2022","kg/cap","4.59","E","Estimated value",""
"FBS","食品收支表 (2010-)","887","也 门","645","Food supply quantity (kg/capita/yr)","S2733","猪肉","2022","2022","kg/cap","0.01","E","Estimated value",""
"FBS","食品收支表 (2010-)","887","也 门","645","Food supply quantity (kg/capita/yr)","S2734","禽肉","2022","2022","kg/cap","9.06","E","Estimated value",""
"FBS","食品收支表 (2010-)","887","也 门","645","Food supply quantity (kg/capita/yr)","S2736","可食用内脏","2022","2022","kg/cap","1.26","E","Estimated value",""
"FBS","食品收支表 (2010-)","051","亚美尼亚","645","Food supply quantity (kg/capita/yr)","S2731","牛肉","2022","2022","kg/cap","25.76","E","Estimated value",""
"FBS","食品收支表 (2010-)","051","亚美尼亚","645","Food supply quantity (kg/capita/yr)","S2732","绵羊和山羊肉","2022","2022","kg/cap","3.88","E","Estimated value",""
"FBS","食品收支表 (2010-)","051","亚美尼亚","645","Food supply quantity (kg/capita/yr)","S2733","猪肉","2022","2022","kg/cap","11.36","E","Estimated value",""
"FBS","食品收支表 (2010-)","051","亚美尼亚","645","Food supply quantity (kg/capita/yr)","S2734","禽肉","2022","2022","kg/cap","18.45","E","Estimated value",""
"FBS","食品收支表 (2010-)","051","亚美尼亚","645","Food supply quantity (kg/capita/yr)","S2736","可食用内脏","2022","2022","kg/cap","6.38","E","Estimated value",""
"FBS","食品收支表 (2010-)","376","以色列","645","Food supply quantity (kg/capita/yr)","S2731","牛肉","2022","2022","kg/cap","36.1","E","Estimated value",""
"FBS","食品收支表 (2010-)","376","以色列","645","Food supply quantity (kg/capita/yr)","S2732","绵羊和山羊肉","2022","2022","kg/cap","5.1","E","Estimated value",""
"FBS","食品收支表 (2010-)","376","以色列","645","Food supply quantity (kg/capita/yr)","S2733","猪肉","2022","2022","kg/cap","1.15","E","Estimated value",""
"FBS","食品收支表 (2010-)","376","以色列","645","Food supply quantity (kg/capita/yr)","S2734","禽肉","2022","2022","kg/cap","70.83","E","Estimated value",""
"FBS","食品收支表 (2010-)","376","以色列","645","Food supply quantity (kg/capita/yr)","S2736","可食用内脏","2022","2022","kg/cap","3.81","E","Estimated value",""
"FBS","食品收支表 (2010-)","364","伊 朗(伊斯兰共和国)","645","Food supply quantity (kg/capita/yr)","S2731","牛肉","2022","2022","kg/cap","3.91","E","Estimated value",""
"FBS","食品收支表 (2010-)","364","伊 朗(伊斯兰共和国)","645","Food supply quantity (kg/capita/yr)","S2732","绵羊和山羊肉","2022","2022","kg/cap","3.34","E","Estimated value",""
"FBS","食品收支表 (2010-)","364","伊 朗(伊斯兰共和国)","645","Food supply quantity (kg/capita/yr)","S2733","猪肉","2022","2022","kg/cap","0","E","Estimated value",""
"FBS","食品收支表 (2010-)","364","伊 朗(伊斯兰共和国)","645","Food supply quantity (kg/capita/yr)","S2734","禽肉","2022","2022","kg/cap","24.58","E","Estimated value",""
"FBS","食品收支表 (2010-)","364","伊 朗(伊斯兰共和国)","645","Food supply quantity (kg/capita/yr)","S2736","可食用内脏","2022","2022","kg/cap","1.24","E","Estimated value",""
"FBS","食品收支表 (2010-)","368","伊拉克","645","Food supply quantity (kg/capita/yr)","S2731","牛肉","2022","2022","kg/cap","3.64","E","Estimated value",""
"FBS","食品收支表 (2010-)","368","伊拉克","645","Food supply quantity (kg/capita/yr)","S2732","绵羊和山羊肉","2022","2022","kg/cap","1.48","E","Estimated value",""
"FBS","食品收支表 (2010-)","368","伊拉克","645","Food supply quantity (kg/capita/yr)","S2733","猪肉","2022","2022","kg/cap","0.41","E","Estimated value",""
"FBS","食品收支表 (2010-)","368","伊拉克","645","Food supply quantity (kg/capita/yr)","S2734","禽肉","2022","2022","kg/cap","16.42","E","Estimated value",""
"FBS","食品收支表 (2010-)","368","伊拉克","645","Food supply quantity (kg/capita/yr)","S2736","可食用内脏","2022","2022","kg/cap","0.49","E","Estimated value",""
"FBS","食品收支表 (2010-)","634","卡塔尔","645","Food supply quantity (kg/capita/yr)","S2731","牛肉","2022","2022","kg/cap","18.46","E","Estimated value",""
"FBS","食品收支表 (2010-)","634","卡塔尔","645","Food supply quantity (kg/capita/yr)","S2732","绵羊和山羊肉","2022","2022","kg/cap","10.57","E","Estimated value",""
"FBS","食品收支表 (2010-)","634","卡塔尔","645","Food supply quantity (kg/capita/yr)","S2733","猪肉","2022","2022","kg/cap","0.24","E","Estimated value",""
"FBS","食品收支表 (2010-)","634","卡塔尔","645","Food supply quantity (kg/capita/yr)","S2734","禽肉","2022","2022","kg/cap","59.16","E","Estimated value",""
"FBS","食品收支表 (2010-)","634","卡塔尔","645","Food supply quantity (kg/capita/yr)","S2736","可食用内脏","2022","2022","kg/cap","1.03","E","Estimated value",""
"FBS","食品收支表 (2010-)","356","印 度","645","Food supply quantity (kg/capita/yr)","S2731","牛肉","2022","2022","kg/cap","2.2","E","Estimated value",""
"FBS","食品收支表 (2010-)","356","印 度","645","Food supply quantity (kg/capita/yr)","S2732","绵羊和山羊肉","2022","2022","kg/cap","0.58","E","Estimated value",""
"FBS","食品收支表 (2010-)","356","印 度","645","Food supply quantity (kg/capita/yr)","S2733","猪肉","2022","2022","kg/cap","0.22","E","Estimated value",""
"FBS","食品收支表 (2010-)","356","印 度","645","Food supply quantity (kg/capita/yr)","S2734","禽肉","2022","2022","kg/cap","3.49","E","Estimated value",""
"FBS","食品收支表 (2010-)","356","印 度","645","Food supply quantity (kg/capita/yr)","S2736","可食用内脏","2022","2022","kg/cap","0.43","E","Estimated value",""
"FBS","食品收支表 (2010-)","360","印度尼西亚","645","Food supply quantity (kg/capita/yr)","S2731","牛肉","2022","2022","kg/cap","2.99","E","Estimated value",""
"FBS","食品收支表 (2010-)","360","印度尼西亚","645","Food supply quantity (kg/capita/yr)","S2732","绵羊和山羊肉","2022","2022","kg/cap","0.42","E","Estimated value",""
"FBS","食品收支表 (2010-)","360","印度尼西亚","645","Food supply quantity (kg/capita/yr)","S2733","猪肉","2022","2022","kg/cap","0.94","E","Estimated value",""
"FBS","食品收支表 (2010-)","360","印度尼西亚","645","Food supply quantity (kg/capita/yr)","S2734","禽肉","2022","2022","kg/cap","14.8","E","Estimated value",""
"FBS","食品收支表 (2010-)","360","印度尼西亚","645","Food supply quantity (kg/capita/yr)","S2736","可食用内脏","2022","2022","kg/cap","0.65","E","Estimated value",""
"FBS","食品收支表 (2010-)","417","吉尔吉斯斯坦","645","Food supply quantity (kg/capita/yr)","S2731","牛肉","2022","2022","kg/cap","15.47","E","Estimated value",""
"FBS","食品收支表 (2010-)","417","吉尔吉斯斯坦","645","Food supply quantity (kg/capita/yr)","S2732","绵羊和山羊肉","2022","2022","kg/cap","9.84","E","Estimated value",""
"FBS","食品收支表 (2010-)","417","吉尔吉斯斯坦","645","Food supply quantity (kg/capita/yr)","S2733","猪肉","2022","2022","kg/cap","1.41","E","Estimated value",""
"FBS","食品收支表 (2010-)","417","吉尔吉斯斯坦","645","Food supply quantity (kg/capita/yr)","S2734","禽肉","2022","2022","kg/cap","7.55","E","Estimated value",""
"FBS","食品收支表 (2010-)","417","吉尔吉斯斯坦","645","Food supply quantity (kg/capita/yr)","S2736","可食用内脏","2022","2022","kg/cap","6.23","E","Estimated value",""
"FBS","食品收支表 (2010-)","398","哈萨克斯坦","645","Food supply quantity (kg/capita/yr)","S2731","牛肉","2022","2022","kg/cap","24.83","E","Estimated value",""
"FBS","食品收支表 (2010-)","398","哈萨克斯坦","645","Food supply quantity (kg/capita/yr)","S2732","绵羊和山羊肉","2022","2022","kg/cap","8.51","E","Estimated value",""
"FBS","食品收支表 (2010-)","398","哈萨克斯坦","645","Food supply quantity (kg/capita/yr)","S2733","猪肉","2022","2022","kg/cap","8.01","E","Estimated value",""
"FBS","食品收支表 (2010-)","398","哈萨克斯坦","645","Food supply quantity (kg/capita/yr)","S2734","禽肉","2022","2022","kg/cap","21.82","E","Estimated value",""
"FBS","食品收支表 (2010-)","398","哈萨克斯坦","645","Food supply quantity (kg/capita/yr)","S2736","可食用内脏","2022","2022","kg/cap","6.45","E","Estimated value",""
"FBS","食品收支表 (2010-)","795","土库曼斯坦","645","Food supply quantity (kg/capita/yr)","S2731","牛肉","2022","2022","kg/cap","25.15","E","Estimated value",""
"FBS","食品收支表 (2010-)","795","土库曼斯坦","645","Food supply quantity (kg/capita/yr)","S2732","绵羊和山羊肉","2022","2022","kg/cap","20.34","E","Estimated value",""
"FBS","食品收支表 (2010-)","795","土库曼斯坦","645","Food supply quantity (kg/capita/yr)","S2733","猪肉","2022","2022","kg/cap","0.07","E","Estimated value",""
"FBS","食品收支表 (2010-)","795","土库曼斯坦","645","Food supply quantity (kg/capita/yr)","S2734","禽肉","2022","2022","kg/cap","11.19","E","Estimated value",""
"FBS","食品收支表 (2010-)","795","土库曼斯坦","645","Food supply quantity (kg/capita/yr)","S2736","可食用内脏","2022","2022","kg/cap","6.93","E","Estimated value",""
"FBS","食品收支表 (2010-)","792","土耳其","645","Food supply quantity (kg/capita/yr)","S2731","牛肉","2022","2022","kg/cap","18.56","E","Estimated value",""
"FBS","食品收支表 (2010-)","792","土耳其","645","Food supply quantity (kg/capita/yr)","S2732","绵羊和山羊肉","2022","2022","kg/cap","7.04","E","Estimated value",""
"FBS","食品收支表 (2010-)","792","土耳其","645","Food supply quantity (kg/capita/yr)","S2733","猪肉","2022","2022","kg/cap","0","E","Estimated value",""
"FBS","食品收支表 (2010-)","792","土耳其","645","Food supply quantity (kg/capita/yr)","S2734","禽肉","2022","2022","kg/cap","21.16","E","Estimated value",""
"FBS","食品收支表 (2010-)","792","土耳其","645","Food supply quantity (kg/capita/yr)","S2736","可食用内脏","2022","2022","kg/cap","2.38","E","Estimated value",""
"FBS","食品收支表 (2010-)","762","塔吉克斯坦","645","Food supply quantity (kg/capita/yr)","S2731","牛肉","2022","2022","kg/cap","24.91","E","Estimated value",""
"FBS","食品收支表 (2010-)","762","塔吉克斯坦","645","Food supply quantity (kg/capita/yr)","S2732","绵羊和山羊肉","2022","2022","kg/cap","7.7","E","Estimated value",""
"FBS","食品收支表 (2010-)","762","塔吉克斯坦","645","Food supply quantity (kg/capita/yr)","S2733","猪肉","2022","2022","kg/cap","0.35","E","Estimated value",""
"FBS","食品收支表 (2010-)","762","塔吉克斯坦","645","Food supply quantity (kg/capita/yr)","S2734","禽肉","2022","2022","kg/cap","2.75","E","Estimated value",""
"FBS","食品收支表 (2010-)","762","塔吉克斯坦","645","Food supply quantity (kg/capita/yr)","S2736","可食用内脏","2022","2022","kg/cap","6.65","E","Estimated value",""
"FBS","食品收支表 (2010-)","196","塞浦路斯","645","Food supply quantity (kg/capita/yr)","S2731","牛肉","2022","2022","kg/cap","8.2","E","Estimated value",""
"FBS","食品收支表 (2010-)","196","塞浦路斯","645","Food supply quantity (kg/capita/yr)","S2732","绵羊和山羊肉","2022","2022","kg/cap","4.14","E","Estimated value",""
"FBS","食品收支表 (2010-)","196","塞浦路斯","645","Food supply quantity (kg/capita/yr)","S2733","猪肉","2022","2022","kg/cap","34.4","E","Estimated value",""
"FBS","食品收支表 (2010-)","196","塞浦路斯","645","Food supply quantity (kg/capita/yr)","S2734","禽肉","2022","2022","kg/cap","29.09","E","Estimated value",""
"FBS","食品收支表 (2010-)","196","塞浦路斯","645","Food supply quantity (kg/capita/yr)","S2736","可食用内脏","2022","2022","kg/cap","1.17","E","Estimated value",""
"FBS","食品收支表 (2010-)","410","大韩民国","645","Food supply quantity (kg/capita/yr)","S2731","牛肉","2022","2022","kg/cap","19.54","E","Estimated value",""
"FBS","食品收支表 (2010-)","410","大韩民国","645","Food supply quantity (kg/capita/yr)","S2732","绵羊和山羊肉","2022","2022","kg/cap","0.55","E","Estimated value",""
"FBS","食品收支表 (2010-)","410","大韩民国","645","Food supply quantity (kg/capita/yr)","S2733","猪肉","2022","2022","kg/cap","41.34","E","Estimated value",""
"FBS","食品收支表 (2010-)","410","大韩民国","645","Food supply quantity (kg/capita/yr)","S2734","禽肉","2022","2022","kg/cap","21.81","E","Estimated value",""
"FBS","食品收支表 (2010-)","410","大韩民国","645","Food supply quantity (kg/capita/yr)","S2736","可食用内脏","2022","2022","kg/cap","4.98","E","Estimated value",""
"FBS","食品收支表 (2010-)","050","孟加拉国","645","Food supply quantity (kg/capita/yr)","S2731","牛肉","2022","2022","kg/cap","1.26","E","Estimated value",""
"FBS","食品收支表 (2010-)","050","孟加拉国","645","Food supply quantity (kg/capita/yr)","S2732","绵羊和山羊肉","2022","2022","kg/cap","1.32","E","Estimated value",""
"FBS","食品收支表 (2010-)","050","孟加拉国","645","Food supply quantity (kg/capita/yr)","S2733","猪肉","2022","2022","kg/cap","0.01","E","Estimated value",""
"FBS","食品收支表 (2010-)","050","孟加拉国","645","Food supply quantity (kg/capita/yr)","S2734","禽肉","2022","2022","kg/cap","1.66","E","Estimated value",""
"FBS","食品收支表 (2010-)","050","孟加拉国","645","Food supply quantity (kg/capita/yr)","S2736","可食用内脏","2022","2022","kg/cap","0.54","E","Estimated value",""
"FBS","食品收支表 (2010-)","524","尼泊尔","645","Food supply quantity (kg/capita/yr)","S2731","牛肉","2022","2022","kg/cap","6.36","E","Estimated value",""
"FBS","食品收支表 (2010-)","524","尼泊尔","645","Food supply quantity (kg/capita/yr)","S2732","绵羊和山羊肉","2022","2022","kg/cap","2.52","E","Estimated value",""
"FBS","食品收支表 (2010-)","524","尼泊尔","645","Food supply quantity (kg/capita/yr)","S2733","猪肉","2022","2022","kg/cap","1.18","E","Estimated value",""
"FBS","食品收支表 (2010-)","524","尼泊尔","645","Food supply quantity (kg/capita/yr)","S2734","禽肉","2022","2022","kg/cap","6.73","E","Estimated value",""
"FBS","食品收支表 (2010-)","524","尼泊尔","645","Food supply quantity (kg/capita/yr)","S2736","可食用内脏","2022","2022","kg/cap","2.35","E","Estimated value",""
"FBS","食品收支表 (2010-)","048","巴 林","645","Food supply quantity (kg/capita/yr)","S2731","牛肉","2022","2022","kg/cap","15.49","E","Estimated value",""
"FBS","食品收支表 (2010-)","048","巴 林","645","Food supply quantity (kg/capita/yr)","S2732","绵羊和山羊肉","2022","2022","kg/cap","23.39","E","Estimated value",""
"FBS","食品收支表 (2010-)","048","巴 林","645","Food supply quantity (kg/capita/yr)","S2733","猪肉","2022","2022","kg/cap","0.88","E","Estimated value",""
"FBS","食品收支表 (2010-)","048","巴 林","645","Food supply quantity (kg/capita/yr)","S2734","禽肉","2022","2022","kg/cap","46.73","E","Estimated value",""
"FBS","食品收支表 (2010-)","048","巴 林","645","Food supply quantity (kg/capita/yr)","S2736","可食用内脏","2022","2022","kg/cap","4.83","E","Estimated value",""
"FBS","食品收支表 (2010-)","586","巴基斯坦","645","Food supply quantity (kg/capita/yr)","S2731","牛肉","2022","2022","kg/cap","10.07","E","Estimated value",""
"FBS","食品收支表 (2010-)","586","巴基斯坦","645","Food supply quantity (kg/capita/yr)","S2732","绵羊和山羊肉","2022","2022","kg/cap","2.49","E","Estimated value",""
"FBS","食品收支表 (2010-)","586","巴基斯坦","645","Food supply quantity (kg/capita/yr)","S2734","禽肉","2022","2022","kg/cap","8.4","E","Estimated value",""
"FBS","食品收支表 (2010-)","586","巴基斯坦","645","Food supply quantity (kg/capita/yr)","S2736","可食用内脏","2022","2022","kg/cap","1.83","E","Estimated value",""
"FBS","食品收支表 (2010-)","144","斯里兰卡","645","Food supply quantity (kg/capita/yr)","S2731","牛肉","2022","2022","kg/cap","1.27","E","Estimated value",""
"FBS","食品收支表 (2010-)","144","斯里兰卡","645","Food supply quantity (kg/capita/yr)","S2732","绵羊和山羊肉","2022","2022","kg/cap","0.14","E","Estimated value",""
"FBS","食品收支表 (2010-)","144","斯里兰卡","645","Food supply quantity (kg/capita/yr)","S2733","猪肉","2022","2022","kg/cap","0.07","E","Estimated value",""
"FBS","食品收支表 (2010-)","144","斯里兰卡","645","Food supply quantity (kg/capita/yr)","S2734","禽肉","2022","2022","kg/cap","10.43","E","Estimated value",""
"FBS","食品收支表 (2010-)","144","斯里兰卡","645","Food supply quantity (kg/capita/yr)","S2736","可食用内脏","2022","2022","kg/cap","0.25","E","Estimated value",""
"FBS","食品收支表 (2010-)","392","日 本","645","Food supply quantity (kg/capita/yr)","S2731","牛肉","2022","2022","kg/cap","9.48","E","Estimated value",""
"FBS","食品收支表 (2010-)","392","日 本","645","Food supply quantity (kg/capita/yr)","S2732","绵羊和山羊肉","2022","2022","kg/cap","0.15","E","Estimated value",""
"FBS","食品收支表 (2010-)","392","日 本","645","Food supply quantity (kg/capita/yr)","S2733","猪肉","2022","2022","kg/cap","22.77","E","Estimated value",""
"FBS","食品收支表 (2010-)","392","日 本","645","Food supply quantity (kg/capita/yr)","S2734","禽肉","2022","2022","kg/cap","27.9","E","Estimated value",""
"FBS","食品收支表 (2010-)","392","日 本","645","Food supply quantity (kg/capita/yr)","S2736","可食用内脏","2022","2022","kg/cap","2.34","E","Estimated value",""
"FBS","食品收支表 (2010-)","116","柬埔寨","645","Food supply quantity (kg/capita/yr)","S2731","牛肉","2022","2022","kg/cap","4.39","E","Estimated value",""
"FBS","食品收支表 (2010-)","116","柬埔寨","645","Food supply quantity (kg/capita/yr)","S2732","绵羊和山羊肉","2022","2022","kg/cap","0.01","E","Estimated value",""
"FBS","食品收支表 (2010-)","116","柬埔寨","645","Food supply quantity (kg/capita/yr)","S2733","猪肉","2022","2022","kg/cap","6.18","E","Estimated value",""
"FBS","食品收支表 (2010-)","116","柬埔寨","645","Food supply quantity (kg/capita/yr)","S2734","禽肉","2022","2022","kg/cap","1.83","E","Estimated value",""
"FBS","食品收支表 (2010-)","116","柬埔寨","645","Food supply quantity (kg/capita/yr)","S2736","可食用内脏","2022","2022","kg/cap","1.81","E","Estimated value",""
"FBS","食品收支表 (2010-)","268","格鲁吉亚","645","Food supply quantity (kg/capita/yr)","S2731","牛肉","2022","2022","kg/cap","7.28","E","Estimated value",""
"FBS","食品收支表 (2010-)","268","格鲁吉亚","645","Food supply quantity (kg/capita/yr)","S2732","绵羊和山羊肉","2022","2022","kg/cap","1.34","E","Estimated value",""
"FBS","食品收支表 (2010-)","268","格鲁吉亚","645","Food supply quantity (kg/capita/yr)","S2733","猪肉","2022","2022","kg/cap","12.3","E","Estimated value",""
"FBS","食品收支表 (2010-)","268","格鲁吉亚","645","Food supply quantity (kg/capita/yr)","S2734","禽肉","2022","2022","kg/cap","19.19","E","Estimated value",""
"FBS","食品收支表 (2010-)","268","格鲁吉亚","645","Food supply quantity (kg/capita/yr)","S2736","可食用内脏","2022","2022","kg/cap","3.16","E","Estimated value",""
"FBS","食品收支表 (2010-)","682","沙特阿拉伯","645","Food supply quantity (kg/capita/yr)","S2731","牛肉","2022","2022","kg/cap","5.89","E","Estimated value",""
"FBS","食品收支表 (2010-)","682","沙特阿拉伯","645","Food supply quantity (kg/capita/yr)","S2732","绵羊和山羊肉","2022","2022","kg/cap","5.05","E","Estimated value",""
"FBS","食品收支表 (2010-)","682","沙特阿拉伯","645","Food supply quantity (kg/capita/yr)","S2734","禽肉","2022","2022","kg/cap","45.57","E","Estimated value",""
"FBS","食品收支表 (2010-)","682","沙特阿拉伯","645","Food supply quantity (kg/capita/yr)","S2736","可食用内脏","2022","2022","kg/cap","1.64","E","Estimated value",""
"FBS","食品收支表 (2010-)","764","泰 国","645","Food supply quantity (kg/capita/yr)","S2731","牛肉","2022","2022","kg/cap","1.62","E","Estimated value",""
"FBS","食品收支表 (2010-)","764","泰 国","645","Food supply quantity (kg/capita/yr)","S2732","绵羊和山羊肉","2022","2022","kg/cap","0.04","E","Estimated value",""
"FBS","食品收支表 (2010-)","764","泰 国","645","Food supply quantity (kg/capita/yr)","S2733","猪肉","2022","2022","kg/cap","13.03","E","Estimated value",""
"FBS","食品收支表 (2010-)","764","泰 国","645","Food supply quantity (kg/capita/yr)","S2734","禽肉","2022","2022","kg/cap","11.16","E","Estimated value",""
"FBS","食品收支表 (2010-)","764","泰 国","645","Food supply quantity (kg/capita/yr)","S2736","可食用内脏","2022","2022","kg/cap","2.16","E","Estimated value",""
"FBS","食品收支表 (2010-)","414","科威特","645","Food supply quantity (kg/capita/yr)","S2731","牛肉","2022","2022","kg/cap","11.86","E","Estimated value",""
"FBS","食品收支表 (2010-)","414","科威特","645","Food supply quantity (kg/capita/yr)","S2732","绵羊和山羊肉","2022","2022","kg/cap","14.94","E","Estimated value",""
"FBS","食品收支表 (2010-)","414","科威特","645","Food supply quantity (kg/capita/yr)","S2733","猪肉","2022","2022","kg/cap","0.34","E","Estimated value",""
"FBS","食品收支表 (2010-)","414","科威特","645","Food supply quantity (kg/capita/yr)","S2734","禽肉","2022","2022","kg/cap","52.27","E","Estimated value",""
"FBS","食品收支表 (2010-)","414","科威特","645","Food supply quantity (kg/capita/yr)","S2736","可食用内脏","2022","2022","kg/cap","3.51","E","Estimated value",""
"FBS","食品收支表 (2010-)","400","约 旦","645","Food supply quantity (kg/capita/yr)","S2731","牛肉","2022","2022","kg/cap","6.82","E","Estimated value",""
"FBS","食品收支表 (2010-)","400","约 旦","645","Food supply quantity (kg/capita/yr)","S2732","绵羊和山羊肉","2022","2022","kg/cap","4.38","E","Estimated value",""
"FBS","食品收支表 (2010-)","400","约 旦","645","Food supply quantity (kg/capita/yr)","S2733","猪肉","2022","2022","kg/cap","0.01","E","Estimated value",""
"FBS","食品收支表 (2010-)","400","约 旦","645","Food supply quantity (kg/capita/yr)","S2734","禽肉","2022","2022","kg/cap","26.6","E","Estimated value",""
"FBS","食品收支表 (2010-)","400","约 旦","645","Food supply quantity (kg/capita/yr)","S2736","可食用内脏","2022","2022","kg/cap","1.39","E","Estimated value",""
"FBS","食品收支表 (2010-)","104","缅 甸","645","Food supply quantity (kg/capita/yr)","S2731","牛肉","2022","2022","kg/cap","2.66","E","Estimated value",""
"FBS","食品收支表 (2010-)","104","缅 甸","645","Food supply quantity (kg/capita/yr)","S2732","绵羊和山羊肉","2022","2022","kg/cap","0.22","E","Estimated value",""
"FBS","食品收支表 (2010-)","104","缅 甸","645","Food supply quantity (kg/capita/yr)","S2733","猪肉","2022","2022","kg/cap","5.11","E","Estimated value",""
"FBS","食品收支表 (2010-)","104","缅 甸","645","Food supply quantity (kg/capita/yr)","S2734","禽肉","2022","2022","kg/cap","12.09","E","Estimated value",""
"FBS","食品收支表 (2010-)","104","缅 甸","645","Food supply quantity (kg/capita/yr)","S2736","可食用内脏","2022","2022","kg/cap","0.71","E","Estimated value",""
"FBS","食品收支表 (2010-)","418","老挝人民民主共和国","645","Food supply quantity (kg/capita/yr)","S2731","牛肉","2022","2022","kg/cap","9.2","E","Estimated value",""
"FBS","食品收支表 (2010-)","418","老挝人民民主共和国","645","Food supply quantity (kg/capita/yr)","S2732","绵羊和山羊肉","2022","2022","kg/cap","0.4","E","Estimated value",""
"FBS","食品收支表 (2010-)","418","老挝人民民主共和国","645","Food supply quantity (kg/capita/yr)","S2733","猪肉","2022","2022","kg/cap","13.7","E","Estimated value",""
"FBS","食品收支表 (2010-)","418","老挝人民民主共和国","645","Food supply quantity (kg/capita/yr)","S2734","禽肉","2022","2022","kg/cap","6.34","E","Estimated value",""
"FBS","食品收支表 (2010-)","418","老挝人民民主共和国","645","Food supply quantity (kg/capita/yr)","S2736","可食用内脏","2022","2022","kg/cap","3.37","E","Estimated value",""
"FBS","食品收支表 (2010-)","608","菲律宾","645","Food supply quantity (kg/capita/yr)","S2731","牛肉","2022","2022","kg/cap","3.79","E","Estimated value",""
"FBS","食品收支表 (2010-)","608","菲律宾","645","Food supply quantity (kg/capita/yr)","S2732","绵羊和山羊肉","2022","2022","kg/cap","0.27","E","Estimated value",""
"FBS","食品收支表 (2010-)","608","菲律宾","645","Food supply quantity (kg/capita/yr)","S2733","猪肉","2022","2022","kg/cap","15.11","E","Estimated value",""
"FBS","食品收支表 (2010-)","608","菲律宾","645","Food supply quantity (kg/capita/yr)","S2734","禽肉","2022","2022","kg/cap","15.73","E","Estimated value",""
"FBS","食品收支表 (2010-)","608","菲律宾","645","Food supply quantity (kg/capita/yr)","S2736","可食用内脏","2022","2022","kg/cap","5.22","E","Estimated value",""
"FBS","食品收支表 (2010-)","496","蒙 古","645","Food supply quantity (kg/capita/yr)","S2731","牛肉","2022","2022","kg/cap","30.2","E","Estimated value",""
"FBS","食品收支表 (2010-)","496","蒙 古","645","Food supply quantity (kg/capita/yr)","S2732","绵羊和山羊肉","2022","2022","kg/cap","68.45","E","Estimated value",""
"FBS","食品收支表 (2010-)","496","蒙 古","645","Food supply quantity (kg/capita/yr)","S2733","猪肉","2022","2022","kg/cap","2.72","E","Estimated value",""
"FBS","食品收支表 (2010-)","496","蒙 古","645","Food supply quantity (kg/capita/yr)","S2734","禽肉","2022","2022","kg/cap","7.1","E","Estimated value",""
"FBS","食品收支表 (2010-)","496","蒙 古","645","Food supply quantity (kg/capita/yr)","S2736","可食用内脏","2022","2022","kg/cap","35.23","E","Estimated value",""
"FBS","食品收支表 (2010-)","704","越 南","645","Food supply quantity (kg/capita/yr)","S2731","牛肉","2022","2022","kg/cap","5.31","E","Estimated value",""
"FBS","食品收支表 (2010-)","704","越 南","645","Food supply quantity (kg/capita/yr)","S2732","绵羊和山羊肉","2022","2022","kg/cap","0.2","E","Estimated value",""
"FBS","食品收支表 (2010-)","704","越 南","645","Food supply quantity (kg/capita/yr)","S2733","猪肉","2022","2022","kg/cap","32.79","E","Estimated value",""
"FBS","食品收支表 (2010-)","704","越 南","645","Food supply quantity (kg/capita/yr)","S2734","禽肉","2022","2022","kg/cap","14.95","E","Estimated value",""
"FBS","食品收支表 (2010-)","704","越 南","645","Food supply quantity (kg/capita/yr)","S2736","可食用内脏","2022","2022","kg/cap","4.54","E","Estimated value",""
"FBS","食品收支表 (2010-)","512","阿 曼","645","Food supply quantity (kg/capita/yr)","S2731","牛肉","2022","2022","kg/cap","9.69","E","Estimated value",""
"FBS","食品收支表 (2010-)","512","阿 曼","645","Food supply quantity (kg/capita/yr)","S2732","绵羊和山羊肉","2022","2022","kg/cap","12","E","Estimated value",""
"FBS","食品收支表 (2010-)","512","阿 曼","645","Food supply quantity (kg/capita/yr)","S2733","猪肉","2022","2022","kg/cap","0.5","E","Estimated value",""
"FBS","食品收支表 (2010-)","512","阿 曼","645","Food supply quantity (kg/capita/yr)","S2734","禽肉","2022","2022","kg/cap","19.08","E","Estimated value",""
"FBS","食品收支表 (2010-)","512","阿 曼","645","Food supply quantity (kg/capita/yr)","S2736","可食用内脏","2022","2022","kg/cap","3.01","E","Estimated value",""
"FBS","食品收支表 (2010-)","031","阿塞拜疆","645","Food supply quantity (kg/capita/yr)","S2731","牛肉","2022","2022","kg/cap","15.03","E","Estimated value",""
"FBS","食品收支表 (2010-)","031","阿塞拜疆","645","Food supply quantity (kg/capita/yr)","S2732","绵羊和山羊肉","2022","2022","kg/cap","8.6","E","Estimated value",""
"FBS","食品收支表 (2010-)","031","阿塞拜疆","645","Food supply quantity (kg/capita/yr)","S2733","猪肉","2022","2022","kg/cap","0.81","E","Estimated value",""
"FBS","食品收支表 (2010-)","031","阿塞拜疆","645","Food supply quantity (kg/capita/yr)","S2734","禽肉","2022","2022","kg/cap","16.06","E","Estimated value",""
"FBS","食品收支表 (2010-)","031","阿塞拜疆","645","Food supply quantity (kg/capita/yr)","S2736","可食用内脏","2022","2022","kg/cap","4.83","E","Estimated value",""
"FBS","食品收支表 (2010-)","004","阿富汗","645","Food supply quantity (kg/capita/yr)","S2731","牛肉","2022","2022","kg/cap","1.99","E","Estimated value",""
"FBS","食品收支表 (2010-)","004","阿富汗","645","Food supply quantity (kg/capita/yr)","S2732","绵羊和山羊肉","2022","2022","kg/cap","3.62","E","Estimated value",""
"FBS","食品收支表 (2010-)","004","阿富汗","645","Food supply quantity (kg/capita/yr)","S2733","猪肉","2022","2022","kg/cap","0.01","E","Estimated value",""
"FBS","食品收支表 (2010-)","004","阿富汗","645","Food supply quantity (kg/capita/yr)","S2734","禽肉","2022","2022","kg/cap","0.87","E","Estimated value",""
"FBS","食品收支表 (2010-)","004","阿富汗","645","Food supply quantity (kg/capita/yr)","S2736","可食用内脏","2022","2022","kg/cap","1.02","E","Estimated value",""
"FBS","食品收支表 (2010-)","760","阿拉伯叙利亚共和国","645","Food supply quantity (kg/capita/yr)","S2731","牛肉","2022","2022","kg/cap","2.28","E","Estimated value",""
"FBS","食品收支表 (2010-)","760","阿拉伯叙利亚共和国","645","Food supply quantity (kg/capita/yr)","S2732","绵羊和山羊肉","2022","2022","kg/cap","8.86","E","Estimated value",""
"FBS","食品收支表 (2010-)","760","阿拉伯叙利亚共和国","645","Food supply quantity (kg/capita/yr)","S2733","猪肉","2022","2022","kg/cap","0.09","E","Estimated value",""
"FBS","食品收支表 (2010-)","760","阿拉伯叙利亚共和国","645","Food supply quantity (kg/capita/yr)","S2734","禽肉","2022","2022","kg/cap","5.24","E","Estimated value",""
"FBS","食品收支表 (2010-)","760","阿拉伯叙利亚共和国","645","Food supply quantity (kg/capita/yr)","S2736","可食用内脏","2022","2022","kg/cap","2.26","E","Estimated value",""
"FBS","食品收支表 (2010-)","784","阿拉伯联合酋长国","645","Food supply quantity (kg/capita/yr)","S2731","牛肉","2022","2022","kg/cap","13.93","E","Estimated value",""
"FBS","食品收支表 (2010-)","784","阿拉伯联合酋长国","645","Food supply quantity (kg/capita/yr)","S2732","绵羊和山羊肉","2022","2022","kg/cap","9.82","E","Estimated value",""
"FBS","食品收支表 (2010-)","784","阿拉伯联合酋长国","645","Food supply quantity (kg/capita/yr)","S2733","猪肉","2022","2022","kg/cap","0.66","E","Estimated value",""
"FBS","食品收支表 (2010-)","784","阿拉伯联合酋长国","645","Food supply quantity (kg/capita/yr)","S2734","禽肉","2022","2022","kg/cap","55.25","E","Estimated value",""
"FBS","食品收支表 (2010-)","784","阿拉伯联合酋长国","645","Food supply quantity (kg/capita/yr)","S2736","可食用内脏","2022","2022","kg/cap","2.44","E","Estimated value",""
"FBS","食品收支表 (2010-)","462","马尔代夫","645","Food supply quantity (kg/capita/yr)","S2731","牛肉","2022","2022","kg/cap","13.83","E","Estimated value",""
"FBS","食品收支表 (2010-)","462","马尔代夫","645","Food supply quantity (kg/capita/yr)","S2732","绵羊和山羊肉","2022","2022","kg/cap","1.77","E","Estimated value",""
"FBS","食品收支表 (2010-)","462","马尔代夫","645","Food supply quantity (kg/capita/yr)","S2733","猪肉","2022","2022","kg/cap","0.83","E","Estimated value",""
"FBS","食品收支表 (2010-)","462","马尔代夫","645","Food supply quantity (kg/capita/yr)","S2734","禽肉","2022","2022","kg/cap","21.8","E","Estimated value",""
"FBS","食品收支表 (2010-)","462","马尔代夫","645","Food supply quantity (kg/capita/yr)","S2736","可食用内脏","2022","2022","kg/cap","0.17","E","Estimated value",""
"FBS","食品收支表 (2010-)","458","马来西亚","645","Food supply quantity (kg/capita/yr)","S2731","牛肉","2022","2022","kg/cap","8.91","E","Estimated value",""
"FBS","食品收支表 (2010-)","458","马来西亚","645","Food supply quantity (kg/capita/yr)","S2732","绵羊和山羊肉","2022","2022","kg/cap","1.38","E","Estimated value",""
"FBS","食品收支表 (2010-)","458","马来西亚","645","Food supply quantity (kg/capita/yr)","S2733","猪肉","2022","2022","kg/cap","7.44","E","Estimated value",""
"FBS","食品收支表 (2010-)","458","马来西亚","645","Food supply quantity (kg/capita/yr)","S2734","禽肉","2022","2022","kg/cap","53.06","E","Estimated value",""
"FBS","食品收支表 (2010-)","458","马来西亚","645","Food supply quantity (kg/capita/yr)","S2736","可食用内脏","2022","2022","kg/cap","0.58","E","Estimated value",""
"FBS","食品收支表 (2010-)","422","黎巴嫩","645","Food supply quantity (kg/capita/yr)","S2731","牛肉","2022","2022","kg/cap","14.42","E","Estimated value",""
"FBS","食品收支表 (2010-)","422","黎巴嫩","645","Food supply quantity (kg/capita/yr)","S2732","绵羊和山羊肉","2022","2022","kg/cap","1.33","E","Estimated value",""
"FBS","食品收支表 (2010-)","422","黎巴嫩","645","Food supply quantity (kg/capita/yr)","S2733","猪肉","2022","2022","kg/cap","0.95","E","Estimated value",""
"FBS","食品收支表 (2010-)","422","黎巴嫩","645","Food supply quantity (kg/capita/yr)","S2734","禽肉","2022","2022","kg/cap","23.57","E","Estimated value",""
"FBS","食品收支表 (2010-)","422","黎巴嫩","645","Food supply quantity (kg/capita/yr)","S2736","可食用内脏","2022","2022","kg/cap","1.1","E","Estimated value",""
